<odoo noupdate="1">
    <record id="change_log_low" model="change.log.impact">
        <field name="name">Low</field>
        <field name="description">Low Impact</field>
        <field name="log_impact_sequence">0</field>
    </record>

    <record id="change_log_medium" model="change.log.impact">
        <field name="name">Medium</field>
        <field name="description">Medium Impact</field>
        <field name="log_impact_sequence">1</field>
    </record>

    <record id="change_log_high" model="change.log.impact">
        <field name="name">High</field>
        <field name="description">High Impact</field>
        <field name="log_impact_sequence">1</field>
    </record>

</odoo>
