<odoo>

    <!-- res.partner -->
    <record id="test_partner" model="res.partner">
        <field name="name">Test Partner</field>
        <field name="phone">123</field>
        <field name="email">tp@email.com</field>
    </record>
    <record id="test_loc_partner" model="res.partner">
        <field name="name">Test Loc Partner</field>
        <field name="phone">ABC</field>
        <field name="email">tlp@email.com</field>
    </record>
    <record id="location_partner_1" model="res.partner">
        <field name="name">Loc Partner 1</field>
    </record>
    <record id="location_partner_2" model="res.partner">
        <field name="name">Loc Partner 1</field>
    </record>
    <record id="location_partner_3" model="res.partner">
        <field name="name">Loc Partner 1</field>
    </record>

    <!-- res.partner with contacts -->
    <record id="s1" model="res.partner">
        <field name="name">sub partner 1</field>
        <field name="type">contact</field>
    </record>
    <record id="s2" model="res.partner">
        <field name="name">sub partner 2</field>
        <field name="type">invoice</field>
    </record>
    <record id="s3" model="res.partner">
        <field name="name">sub partner 3</field>
        <field name="type">delivery</field>
    </record>
    <record id="s4" model="res.partner">
        <field name="name">sub partner 4</field>
        <field name="type">private</field>
    </record>
    <record id="test_parent_partner" model="res.partner">
        <field name="name">Parent Partner</field>
        <field name="child_ids" eval="[(6, 0, [ref('s1'), ref('s2'), ref('s3'), ref('s4')])]"/>
    </record>

    <!-- fsm.person -->
    <record id="test_person" model="fsm.person">
        <field name="name">Test Person</field>
        <field name="phone">123</field>
        <field name="email">tp@email.com</field>
    </record>

    <!-- fsm.region -->
    <record id="test_region" model="fsm.region">
        <field name="name">Test Region</field>
    </record>
    <record id="test_district" model="fsm.district">
        <field name="name">Test District</field>
        <field name="region_id" eval="ref('test_region')"/>
    </record>
    <record id="test_branch" model="fsm.branch">
        <field name="name">Test Branch</field>
        <field name="district_id" eval="ref('test_district')"/>
    </record>
    <record id="test_territory" model="fsm.territory">
        <field name="name">Test Territory</field>
        <field name="branch_id" eval="ref('test_branch')"/>
    </record>

</odoo>
