<?xml version="1.0" encoding="utf-8"?>
<odoo>
    <!-- Order related subtypes for messaging / Chatter -->
    <record id="mt_order_new" model="mail.message.subtype">
        <field name="name">Order Created</field>
        <field name="sequence">0</field>
        <field name="res_model">fsm.order</field>
        <field name="default" eval="False"/>
        <field name="hidden" eval="True"/>
        <field name="description">Order created</field>
    </record>

    <record id="mt_order_confirmed" model="mail.message.subtype">
        <field name="name">Order Confirmed</field>
        <field name="sequence">10</field>
        <field name="res_model">fsm.order</field>
        <field name="default" eval="False"/>
        <field name="internal" eval="True"/>
        <field name="description">Order confirmed</field>
    </record>

    <record id="mt_order_scheduled" model="mail.message.subtype">
        <field name="name">Order Scheduled</field>
        <field name="sequence">20</field>
        <field name="res_model">fsm.order</field>
        <field name="default" eval="False"/>
        <field name="internal" eval="True"/>
        <field name="description">Order scheduled</field>
    </record>

    <record id="mt_order_assigned" model="mail.message.subtype">
        <field name="name">Order Assigned</field>
        <field name="sequence">30</field>
        <field name="res_model">fsm.order</field>
        <field name="default" eval="False"/>
        <field name="internal" eval="True"/>
        <field name="description">Order assigned</field>
    </record>

    <record id="mt_order_enroute" model="mail.message.subtype">
        <field name="name">Order En Route</field>
        <field name="sequence">40</field>
        <field name="res_model">fsm.order</field>
        <field name="default" eval="False"/>
        <field name="internal" eval="True"/>
        <field name="description">Order en route</field>
    </record>

    <record id="mt_order_started" model="mail.message.subtype">
        <field name="name">Order Started</field>
        <field name="sequence">50</field>
        <field name="res_model">fsm.order</field>
        <field name="default" eval="False"/>
        <field name="internal" eval="True"/>
        <field name="description">Order started</field>
    </record>

    <record id="mt_order_completed" model="mail.message.subtype">
        <field name="name">Order Completed</field>
        <field name="sequence">60</field>
        <field name="res_model">fsm.order</field>
        <field name="default" eval="False"/>
        <field name="internal" eval="True"/>
        <field name="description">Order completed</field>
    </record>

    <record id="mt_order_cancelled" model="mail.message.subtype">
        <field name="name">Order Cancelled</field>
        <field name="sequence">100</field>
        <field name="res_model">fsm.order</field>
        <field name="default" eval="False"/>
        <field name="internal" eval="True"/>
        <field name="description">Order cancelled</field>
    </record>

</odoo>
